raza,genero,uso_alucinog
blanca,hombre,uso_alucinog
blanca,hombre,uso_alucinog
blanca,hombre,uso_alucinog
blanca,hombre,uso_alucinog
blanca,mujer,uso_alucinog
blanca,hombre,uso_alucinog
blanca,hombre,uso_alucinog
blanca,mujer,uso_alucinog
blanca,hombre,uso_alucinog
blanca,hombre,uso_alucinog
otra,hombre,uso_alucinog
blanca,hombre,uso_alucinog
blanca,mujer,uso_alucinog
blanca,hombre,uso_alucinog
blanca,mujer,uso_alucinog
blanca,mujer,uso_alucinog
blanca,mujer,uso_alucinog
blanca,hombre,uso_alucinog
blanca,mujer,uso_alucinog
blanca,mujer,uso_alucinog
blanca,mujer,uso_alucinog
blanca,mujer,uso_alucinog
blanca,mujer,uso_alucinog
blanca,hombre,uso_alucinog
blanca,hombre,uso_alucinog
blanca,hombre,uso_alucinog
blanca,mujer,uso_alucinog
blanca,hombre,uso_alucinog
otra,mujer,uso_alucinog
blanca,hombre,uso_alucinog
blanca,hombre,uso_alucinog
blanca,mujer,uso_alucinog
blanca,mujer,uso_alucinog
blanca,hombre,uso_alucinog
blanca,hombre,uso_alucinog
blanca,mujer,uso_alucinog
blanca,hombre,uso_alucinog
blanca,hombre,uso_alucinog
blanca,hombre,uso_alucinog
blanca,hombre,uso_alucinog
blanca,hombre,uso_alucinog
blanca,hombre,uso_alucinog
blanca,hombre,uso_alucinog
blanca,hombre,uso_alucinog
blanca,mujer,uso_alucinog
blanca,mujer,uso_alucinog
blanca,mujer,uso_alucinog
blanca,hombre,uso_alucinog
blanca,mujer,uso_alucinog
blanca,mujer,uso_alucinog
blanca,hombre,uso_alucinog
blanca,mujer,uso_alucinog
blanca,hombre,uso_alucinog
blanca,mujer,uso_alucinog
blanca,hombre,uso_alucinog
blanca,hombre,uso_alucinog
blanca,mujer,uso_alucinog
blanca,hombre,uso_alucinog
blanca,hombre,uso_alucinog
otra,hombre,uso_alucinog
blanca,mujer,uso_alucinog
blanca,mujer,uso_alucinog
blanca,hombre,uso_alucinog
otra,hombre,uso_alucinog
blanca,mujer,uso_alucinog
otra,hombre,uso_alucinog
blanca,hombre,uso_alucinog
blanca,hombre,uso_alucinog
blanca,mujer,uso_alucinog
otra,hombre,uso_alucinog
blanca,mujer,uso_alucinog
blanca,hombre,uso_alucinog
blanca,mujer,uso_alucinog
blanca,hombre,uso_alucinog
blanca,hombre,uso_alucinog
blanca,mujer,uso_alucinog
blanca,hombre,uso_alucinog
blanca,hombre,uso_alucinog
blanca,mujer,uso_alucinog
blanca,hombre,uso_alucinog
blanca,hombre,uso_alucinog
blanca,hombre,uso_alucinog
blanca,mujer,uso_alucinog
blanca,mujer,uso_alucinog
blanca,hombre,uso_alucinog
blanca,hombre,uso_alucinog
blanca,mujer,uso_alucinog
blanca,hombre,uso_alucinog
otra,mujer,uso_alucinog
blanca,hombre,uso_alucinog
blanca,mujer,uso_alucinog
blanca,hombre,uso_alucinog
blanca,mujer,uso_alucinog
blanca,hombre,uso_alucinog
blanca,mujer,uso_alucinog
blanca,mujer,uso_alucinog
blanca,hombre,uso_alucinog
blanca,mujer,uso_alucinog
blanca,mujer,uso_alucinog
blanca,hombre,uso_alucinog
blanca,hombre,uso_alucinog
blanca,hombre,uso_alucinog
blanca,mujer,uso_alucinog
blanca,mujer,uso_alucinog
blanca,hombre,uso_alucinog
blanca,mujer,uso_alucinog
blanca,hombre,uso_alucinog
blanca,hombre,uso_alucinog
blanca,mujer,uso_alucinog
blanca,mujer,uso_alucinog
blanca,hombre,uso_alucinog
blanca,mujer,uso_alucinog
blanca,hombre,uso_alucinog
blanca,mujer,uso_alucinog
blanca,mujer,uso_alucinog
otra,mujer,uso_alucinog
blanca,hombre,uso_alucinog
blanca,mujer,uso_alucinog
otra,mujer,uso_alucinog
blanca,mujer,uso_alucinog
blanca,mujer,uso_alucinog
blanca,hombre,uso_alucinog
blanca,hombre,uso_alucinog
blanca,mujer,uso_alucinog
blanca,hombre,uso_alucinog
blanca,hombre,uso_alucinog
blanca,mujer,uso_alucinog
otra,hombre,uso_alucinog
blanca,hombre,uso_alucinog
blanca,mujer,uso_alucinog
blanca,hombre,uso_alucinog
blanca,hombre,uso_alucinog
otra,hombre,uso_alucinog
blanca,hombre,uso_alucinog
blanca,mujer,uso_alucinog
otra,mujer,uso_alucinog
blanca,hombre,uso_alucinog
blanca,mujer,uso_alucinog
blanca,mujer,uso_alucinog
blanca,mujer,uso_alucinog
blanca,mujer,uso_alucinog
blanca,mujer,uso_alucinog
otra,mujer,uso_alucinog
blanca,hombre,uso_alucinog
blanca,hombre,uso_alucinog
blanca,hombre,uso_alucinog
blanca,hombre,uso_alucinog
blanca,mujer,uso_alucinog
blanca,mujer,uso_alucinog
blanca,hombre,uso_alucinog
blanca,hombre,uso_alucinog
blanca,mujer,uso_alucinog
blanca,mujer,uso_alucinog
otra,mujer,uso_alucinog
blanca,hombre,uso_alucinog
blanca,hombre,uso_alucinog
blanca,mujer,uso_alucinog
blanca,hombre,uso_alucinog
blanca,mujer,uso_alucinog
blanca,hombre,uso_alucinog
blanca,mujer,uso_alucinog
blanca,mujer,uso_alucinog
blanca,hombre,uso_alucinog
blanca,hombre,uso_alucinog
blanca,mujer,uso_alucinog
blanca,mujer,uso_alucinog
blanca,hombre,uso_alucinog
otra,mujer,uso_alucinog
blanca,hombre,uso_alucinog
blanca,mujer,uso_alucinog
blanca,mujer,uso_alucinog
blanca,mujer,uso_alucinog
blanca,hombre,uso_alucinog
blanca,mujer,uso_alucinog
blanca,mujer,uso_alucinog
blanca,hombre,uso_alucinog
blanca,mujer,uso_alucinog
blanca,mujer,uso_alucinog
blanca,mujer,uso_alucinog
blanca,mujer,uso_alucinog
otra,mujer,uso_alucinog
blanca,mujer,uso_alucinog
blanca,hombre,uso_alucinog
blanca,hombre,uso_alucinog
blanca,hombre,uso_alucinog
blanca,mujer,uso_alucinog
otra,mujer,uso_alucinog
blanca,hombre,uso_alucinog
blanca,hombre,uso_alucinog
blanca,mujer,uso_alucinog
blanca,mujer,uso_alucinog
blanca,hombre,uso_alucinog
blanca,hombre,uso_alucinog
blanca,mujer,uso_alucinog
blanca,hombre,uso_alucinog
blanca,hombre,uso_alucinog
blanca,hombre,uso_alucinog
otra,hombre,uso_alucinog
blanca,hombre,uso_alucinog
blanca,hombre,uso_alucinog
blanca,mujer,uso_alucinog
blanca,mujer,uso_alucinog
blanca,mujer,uso_alucinog
blanca,mujer,uso_alucinog
blanca,hombre,uso_alucinog
blanca,hombre,uso_alucinog
blanca,hombre,uso_alucinog
blanca,hombre,uso_alucinog
blanca,mujer,uso_alucinog
blanca,mujer,uso_alucinog
blanca,hombre,uso_alucinog
blanca,hombre,uso_alucinog
blanca,hombre,uso_alucinog
blanca,hombre,uso_alucinog
blanca,hombre,uso_alucinog
blanca,mujer,uso_alucinog
otra,mujer,uso_alucinog
blanca,hombre,uso_alucinog
blanca,hombre,uso_alucinog
blanca,mujer,uso_alucinog
blanca,mujer,uso_alucinog
blanca,mujer,uso_alucinog
blanca,hombre,uso_alucinog
blanca,hombre,uso_alucinog
blanca,mujer,uso_alucinog
blanca,hombre,uso_alucinog
blanca,mujer,uso_alucinog
blanca,hombre,uso_alucinog
blanca,mujer,uso_alucinog
blanca,hombre,uso_alucinog
blanca,hombre,uso_alucinog
blanca,mujer,uso_alucinog
blanca,mujer,uso_alucinog
blanca,mujer,uso_alucinog
blanca,hombre,uso_alucinog
otra,hombre,uso_alucinog
blanca,hombre,uso_alucinog
blanca,hombre,uso_alucinog
blanca,mujer,uso_alucinog
blanca,mujer,uso_alucinog
blanca,mujer,uso_alucinog
blanca,hombre,uso_alucinog
blanca,hombre,uso_alucinog
blanca,hombre,uso_alucinog
blanca,mujer,uso_alucinog
blanca,hombre,uso_alucinog
otra,mujer,uso_alucinog
blanca,hombre,uso_alucinog
blanca,hombre,uso_alucinog
blanca,mujer,uso_alucinog
blanca,mujer,uso_alucinog
blanca,hombre,uso_alucinog
blanca,hombre,uso_alucinog
blanca,mujer,uso_alucinog
blanca,hombre,uso_alucinog
blanca,mujer,uso_alucinog
blanca,mujer,uso_alucinog
blanca,mujer,uso_alucinog
blanca,hombre,uso_alucinog
blanca,hombre,uso_alucinog
blanca,hombre,uso_alucinog
blanca,mujer,uso_alucinog
otra,mujer,uso_alucinog
blanca,mujer,uso_alucinog
blanca,mujer,uso_alucinog
blanca,hombre,uso_alucinog
blanca,mujer,uso_alucinog
blanca,hombre,uso_alucinog
otra,hombre,uso_alucinog
blanca,mujer,uso_alucinog
blanca,hombre,uso_alucinog
blanca,hombre,uso_alucinog
blanca,hombre,uso_alucinog
blanca,mujer,uso_alucinog
blanca,mujer,uso_alucinog
blanca,hombre,uso_alucinog
blanca,hombre,uso_alucinog
blanca,hombre,uso_alucinog
blanca,mujer,uso_alucinog
blanca,hombre,uso_alucinog
blanca,hombre,uso_alucinog
blanca,mujer,uso_alucinog
blanca,hombre,uso_alucinog
blanca,mujer,uso_alucinog
blanca,hombre,uso_alucinog
blanca,mujer,uso_alucinog
blanca,hombre,uso_alucinog
blanca,mujer,uso_alucinog
blanca,hombre,uso_alucinog
blanca,mujer,uso_alucinog
blanca,hombre,uso_alucinog
blanca,mujer,uso_alucinog
blanca,mujer,uso_alucinog
blanca,hombre,uso_alucinog
blanca,hombre,uso_alucinog
blanca,hombre,uso_alucinog
blanca,hombre,uso_alucinog
blanca,mujer,uso_alucinog
blanca,mujer,uso_alucinog
blanca,mujer,uso_alucinog
blanca,hombre,uso_alucinog
blanca,hombre,uso_alucinog
blanca,hombre,uso_alucinog
blanca,mujer,uso_alucinog
blanca,hombre,uso_alucinog
blanca,mujer,uso_alucinog
otra,hombre,uso_alucinog
blanca,mujer,uso_alucinog
blanca,mujer,uso_alucinog
blanca,hombre,uso_alucinog
otra,hombre,uso_alucinog
blanca,hombre,uso_alucinog
blanca,hombre,uso_alucinog
blanca,hombre,uso_alucinog
blanca,hombre,uso_alucinog
blanca,hombre,uso_alucinog
blanca,hombre,uso_alucinog
blanca,hombre,uso_alucinog
blanca,hombre,uso_alucinog
blanca,hombre,uso_alucinog
blanca,mujer,uso_alucinog
blanca,mujer,uso_alucinog
blanca,mujer,uso_alucinog
blanca,hombre,uso_alucinog
blanca,mujer,uso_alucinog
blanca,hombre,uso_alucinog
blanca,mujer,uso_alucinog
blanca,hombre,uso_alucinog
blanca,hombre,uso_alucinog
blanca,hombre,uso_alucinog
otra,mujer,uso_alucinog
blanca,hombre,uso_alucinog
blanca,hombre,uso_alucinog
blanca,mujer,uso_alucinog
blanca,mujer,uso_alucinog
blanca,mujer,uso_alucinog
blanca,mujer,uso_alucinog
blanca,hombre,uso_alucinog
blanca,mujer,uso_alucinog
blanca,hombre,uso_alucinog
blanca,hombre,uso_alucinog
blanca,mujer,uso_alucinog
blanca,hombre,uso_alucinog
blanca,mujer,uso_alucinog
blanca,mujer,uso_alucinog
otra,mujer,uso_alucinog
blanca,hombre,uso_alucinog
blanca,mujer,uso_alucinog
blanca,hombre,uso_alucinog
blanca,hombre,uso_alucinog
blanca,mujer,uso_alucinog
blanca,hombre,uso_alucinog
blanca,hombre,uso_alucinog
blanca,hombre,uso_alucinog
blanca,hombre,uso_alucinog
blanca,mujer,uso_alucinog
blanca,mujer,uso_alucinog
blanca,hombre,uso_alucinog
blanca,mujer,uso_alucinog
blanca,mujer,uso_alucinog
blanca,hombre,uso_alucinog
blanca,mujer,uso_alucinog
blanca,mujer,uso_alucinog
blanca,hombre,uso_alucinog
blanca,hombre,uso_alucinog
blanca,hombre,uso_alucinog
blanca,mujer,uso_alucinog
blanca,mujer,uso_alucinog
blanca,mujer,uso_alucinog
blanca,mujer,uso_alucinog
blanca,mujer,uso_alucinog
blanca,hombre,uso_alucinog
blanca,mujer,uso_alucinog
blanca,mujer,uso_alucinog
blanca,hombre,uso_alucinog
blanca,hombre,uso_alucinog
blanca,mujer,uso_alucinog
blanca,mujer,uso_alucinog
blanca,hombre,uso_alucinog
blanca,hombre,uso_alucinog
blanca,hombre,uso_alucinog
blanca,hombre,uso_alucinog
blanca,hombre,uso_alucinog
blanca,hombre,uso_alucinog
blanca,mujer,uso_alucinog
blanca,hombre,uso_alucinog
blanca,hombre,uso_alucinog
blanca,hombre,uso_alucinog
blanca,mujer,uso_alucinog
blanca,mujer,uso_alucinog
blanca,hombre,uso_alucinog
blanca,mujer,uso_alucinog
blanca,hombre,uso_alucinog
blanca,mujer,uso_alucinog
blanca,mujer,uso_alucinog
blanca,hombre,uso_alucinog
blanca,mujer,uso_alucinog
blanca,mujer,uso_alucinog
blanca,mujer,uso_alucinog
blanca,mujer,uso_alucinog
blanca,hombre,uso_alucinog
blanca,mujer,uso_alucinog
blanca,mujer,uso_alucinog
blanca,hombre,uso_alucinog
blanca,mujer,uso_alucinog
blanca,mujer,uso_alucinog
blanca,hombre,uso_alucinog
blanca,mujer,uso_alucinog
blanca,mujer,uso_alucinog
blanca,mujer,uso_alucinog
blanca,mujer,uso_alucinog
otra,hombre,uso_alucinog
blanca,hombre,uso_alucinog
blanca,mujer,uso_alucinog
blanca,mujer,uso_alucinog
blanca,hombre,uso_alucinog
blanca,mujer,uso_alucinog
blanca,mujer,uso_alucinog
otra,hombre,uso_alucinog
blanca,hombre,uso_alucinog
blanca,mujer,uso_alucinog
blanca,hombre,uso_alucinog
blanca,mujer,uso_alucinog
blanca,hombre,uso_alucinog
blanca,mujer,uso_alucinog
blanca,hombre,uso_alucinog
blanca,mujer,uso_alucinog
blanca,hombre,uso_alucinog
blanca,hombre,uso_alucinog
blanca,hombre,uso_alucinog
blanca,hombre,uso_alucinog
blanca,mujer,uso_alucinog
blanca,mujer,uso_alucinog
blanca,hombre,uso_alucinog
blanca,hombre,uso_alucinog
blanca,hombre,uso_alucinog
blanca,hombre,uso_alucinog
blanca,hombre,uso_alucinog
blanca,mujer,uso_alucinog
blanca,hombre,uso_alucinog
blanca,mujer,uso_alucinog
blanca,mujer,uso_alucinog
blanca,mujer,uso_alucinog
blanca,mujer,uso_alucinog
blanca,mujer,uso_alucinog
blanca,hombre,uso_alucinog
blanca,hombre,uso_alucinog
blanca,mujer,uso_alucinog
blanca,mujer,uso_alucinog
blanca,hombre,uso_alucinog
blanca,hombre,uso_alucinog
blanca,mujer,uso_alucinog
blanca,mujer,uso_alucinog
blanca,hombre,uso_alucinog
blanca,mujer,uso_alucinog
blanca,mujer,uso_alucinog
blanca,mujer,uso_alucinog
blanca,mujer,uso_alucinog
blanca,hombre,uso_alucinog
blanca,mujer,uso_alucinog
blanca,mujer,uso_alucinog
blanca,hombre,uso_alucinog
blanca,mujer,uso_alucinog
blanca,mujer,uso_alucinog
blanca,hombre,uso_alucinog
blanca,hombre,uso_alucinog
blanca,hombre,uso_alucinog
blanca,mujer,uso_alucinog
blanca,mujer,uso_alucinog
blanca,mujer,uso_alucinog
blanca,mujer,uso_alucinog
blanca,mujer,uso_alucinog
blanca,hombre,uso_alucinog
blanca,hombre,uso_alucinog
otra,hombre,uso_alucinog
blanca,hombre,uso_alucinog
blanca,mujer,uso_alucinog
blanca,mujer,uso_alucinog
blanca,mujer,uso_alucinog
blanca,hombre,uso_alucinog
blanca,hombre,uso_alucinog
blanca,hombre,uso_alucinog
otra,hombre,uso_alucinog
blanca,hombre,uso_alucinog
blanca,mujer,uso_alucinog
blanca,mujer,uso_alucinog
blanca,mujer,uso_alucinog
blanca,hombre,uso_alucinog
blanca,mujer,uso_alucinog
blanca,mujer,uso_alucinog
blanca,hombre,uso_alucinog
blanca,hombre,uso_alucinog
blanca,mujer,uso_alucinog
blanca,hombre,uso_alucinog
blanca,hombre,uso_alucinog
otra,mujer,uso_alucinog
blanca,mujer,uso_alucinog
otra,hombre,uso_alucinog
blanca,mujer,uso_alucinog
blanca,hombre,uso_alucinog
blanca,hombre,uso_alucinog
blanca,mujer,uso_alucinog
blanca,hombre,uso_alucinog
blanca,mujer,uso_alucinog
blanca,mujer,uso_alucinog
blanca,mujer,uso_alucinog
blanca,hombre,uso_alucinog
blanca,hombre,uso_alucinog
blanca,hombre,uso_alucinog
blanca,hombre,uso_alucinog
blanca,hombre,uso_alucinog
otra,hombre,uso_alucinog
blanca,mujer,uso_alucinog
blanca,hombre,uso_alucinog
blanca,mujer,uso_alucinog
blanca,hombre,uso_alucinog
otra,mujer,uso_alucinog
blanca,mujer,uso_alucinog
blanca,mujer,uso_alucinog
blanca,mujer,uso_alucinog
blanca,mujer,uso_alucinog
blanca,hombre,uso_alucinog
blanca,mujer,uso_alucinog
blanca,hombre,uso_alucinog
otra,hombre,uso_alucinog
blanca,hombre,uso_alucinog
blanca,mujer,uso_alucinog
blanca,mujer,uso_alucinog
blanca,hombre,uso_alucinog
blanca,hombre,uso_alucinog
blanca,hombre,uso_alucinog
blanca,mujer,uso_alucinog
blanca,hombre,uso_alucinog
blanca,mujer,uso_alucinog
blanca,mujer,uso_alucinog
blanca,mujer,uso_alucinog
blanca,mujer,uso_alucinog
blanca,mujer,uso_alucinog
blanca,mujer,uso_alucinog
blanca,hombre,uso_alucinog
blanca,mujer,uso_alucinog
blanca,hombre,uso_alucinog
blanca,hombre,uso_alucinog
blanca,hombre,uso_alucinog
blanca,mujer,uso_alucinog
blanca,mujer,uso_alucinog
blanca,mujer,uso_alucinog
blanca,hombre,uso_alucinog
blanca,mujer,uso_alucinog
blanca,hombre,uso_alucinog
blanca,mujer,uso_alucinog
blanca,hombre,uso_alucinog
blanca,mujer,uso_alucinog
blanca,hombre,uso_alucinog
blanca,mujer,uso_alucinog
blanca,hombre,uso_alucinog
blanca,mujer,uso_alucinog
blanca,mujer,uso_alucinog
blanca,mujer,uso_alucinog
blanca,hombre,uso_alucinog
otra,mujer,uso_alucinog
blanca,hombre,uso_alucinog
blanca,hombre,uso_alucinog
blanca,hombre,uso_alucinog
blanca,hombre,uso_alucinog
blanca,hombre,uso_alucinog
blanca,mujer,uso_alucinog
blanca,mujer,uso_alucinog
blanca,hombre,uso_alucinog
blanca,hombre,uso_alucinog
blanca,hombre,uso_alucinog
blanca,mujer,uso_alucinog
blanca,mujer,uso_alucinog
blanca,hombre,uso_alucinog
blanca,mujer,uso_alucinog
blanca,mujer,uso_alucinog
blanca,mujer,uso_alucinog
blanca,hombre,uso_alucinog
blanca,mujer,uso_alucinog
blanca,mujer,uso_alucinog
blanca,mujer,uso_alucinog
blanca,hombre,uso_alucinog
blanca,hombre,uso_alucinog
blanca,hombre,uso_alucinog
blanca,mujer,uso_alucinog
otra,hombre,uso_alucinog
blanca,hombre,uso_alucinog
blanca,hombre,uso_alucinog
blanca,hombre,uso_alucinog
blanca,hombre,uso_alucinog
blanca,mujer,uso_alucinog
blanca,hombre,uso_alucinog
blanca,hombre,uso_alucinog
otra,hombre,uso_alucinog
blanca,mujer,uso_alucinog
blanca,hombre,uso_alucinog
blanca,hombre,uso_alucinog
blanca,hombre,uso_alucinog
blanca,hombre,uso_alucinog
blanca,mujer,uso_alucinog
otra,hombre,uso_alucinog
blanca,hombre,uso_alucinog
blanca,hombre,uso_alucinog
blanca,hombre,uso_alucinog
blanca,mujer,uso_alucinog
blanca,mujer,uso_alucinog
blanca,mujer,uso_alucinog
blanca,mujer,uso_alucinog
blanca,hombre,uso_alucinog
blanca,hombre,uso_alucinog
blanca,mujer,uso_alucinog
blanca,hombre,uso_alucinog
blanca,mujer,uso_alucinog
blanca,mujer,uso_alucinog
blanca,hombre,uso_alucinog
blanca,mujer,uso_alucinog
blanca,hombre,uso_alucinog
blanca,mujer,uso_alucinog
blanca,hombre,uso_alucinog
blanca,mujer,uso_alucinog
blanca,mujer,uso_alucinog
blanca,mujer,uso_alucinog
blanca,mujer,uso_alucinog
blanca,mujer,uso_alucinog
blanca,hombre,uso_alucinog
blanca,hombre,uso_alucinog
blanca,hombre,uso_alucinog
blanca,mujer,uso_alucinog
blanca,mujer,uso_alucinog
blanca,hombre,uso_alucinog
blanca,hombre,uso_alucinog
blanca,hombre,uso_alucinog
blanca,hombre,uso_alucinog
blanca,hombre,uso_alucinog
blanca,hombre,uso_alucinog
blanca,hombre,uso_alucinog
blanca,hombre,uso_alucinog
blanca,mujer,uso_alucinog
blanca,hombre,uso_alucinog
blanca,mujer,uso_alucinog
blanca,hombre,uso_alucinog
blanca,mujer,uso_alucinog
blanca,hombre,uso_alucinog
blanca,mujer,uso_alucinog
blanca,mujer,uso_alucinog
blanca,hombre,uso_alucinog
blanca,hombre,uso_alucinog
blanca,hombre,uso_alucinog
blanca,mujer,uso_alucinog
blanca,hombre,uso_alucinog
otra,hombre,uso_alucinog
blanca,hombre,uso_alucinog
blanca,mujer,uso_alucinog
otra,hombre,uso_alucinog
blanca,mujer,uso_alucinog
otra,mujer,uso_alucinog
blanca,hombre,uso_alucinog
blanca,mujer,uso_alucinog
blanca,hombre,uso_alucinog
blanca,mujer,uso_alucinog
blanca,mujer,uso_alucinog
blanca,hombre,uso_alucinog
blanca,mujer,uso_alucinog
blanca,mujer,uso_alucinog
blanca,mujer,uso_alucinog
blanca,mujer,uso_alucinog
blanca,mujer,uso_alucinog
blanca,mujer,uso_alucinog
blanca,mujer,uso_alucinog
blanca,mujer,uso_alucinog
blanca,hombre,uso_alucinog
otra,hombre,uso_alucinog
blanca,mujer,uso_alucinog
blanca,hombre,uso_alucinog
blanca,hombre,uso_alucinog
blanca,mujer,uso_alucinog
blanca,mujer,uso_alucinog
blanca,hombre,uso_alucinog
blanca,mujer,uso_alucinog
blanca,mujer,uso_alucinog
blanca,mujer,uso_alucinog
blanca,mujer,uso_alucinog
blanca,mujer,uso_alucinog
blanca,mujer,uso_alucinog
blanca,mujer,uso_alucinog
blanca,mujer,uso_alucinog
blanca,hombre,uso_alucinog
blanca,mujer,uso_alucinog
blanca,hombre,uso_alucinog
blanca,hombre,uso_alucinog
blanca,mujer,uso_alucinog
blanca,hombre,uso_alucinog
blanca,hombre,uso_alucinog
blanca,mujer,uso_alucinog
blanca,mujer,uso_alucinog
blanca,hombre,uso_alucinog
blanca,mujer,uso_alucinog
blanca,hombre,uso_alucinog
blanca,hombre,uso_alucinog
blanca,hombre,uso_alucinog
blanca,mujer,uso_alucinog
blanca,hombre,uso_alucinog
blanca,mujer,uso_alucinog
blanca,mujer,uso_alucinog
blanca,hombre,uso_alucinog
blanca,mujer,uso_alucinog
blanca,mujer,uso_alucinog
blanca,hombre,uso_alucinog
blanca,mujer,uso_alucinog
otra,hombre,uso_alucinog
blanca,mujer,uso_alucinog
blanca,hombre,uso_alucinog
blanca,hombre,uso_alucinog
blanca,mujer,uso_alucinog
blanca,mujer,uso_alucinog
blanca,mujer,uso_alucinog
blanca,hombre,uso_alucinog
blanca,hombre,uso_alucinog
blanca,hombre,uso_alucinog
blanca,hombre,uso_alucinog
blanca,mujer,uso_alucinog
blanca,mujer,uso_alucinog
blanca,mujer,uso_alucinog
blanca,mujer,uso_alucinog
blanca,hombre,uso_alucinog
blanca,mujer,uso_alucinog
blanca,mujer,uso_alucinog
blanca,hombre,uso_alucinog
blanca,mujer,uso_alucinog
blanca,hombre,uso_alucinog
blanca,mujer,uso_alucinog
blanca,mujer,uso_alucinog
blanca,hombre,uso_alucinog
blanca,hombre,uso_alucinog
blanca,mujer,uso_alucinog
blanca,hombre,uso_alucinog
blanca,hombre,uso_alucinog
blanca,mujer,uso_alucinog
blanca,mujer,uso_alucinog
blanca,hombre,uso_alucinog
blanca,mujer,uso_alucinog
blanca,hombre,uso_alucinog
blanca,hombre,uso_alucinog
blanca,mujer,uso_alucinog
blanca,hombre,uso_alucinog
blanca,hombre,uso_alucinog
blanca,hombre,uso_alucinog
blanca,mujer,uso_alucinog
blanca,mujer,uso_alucinog
blanca,mujer,uso_alucinog
blanca,mujer,uso_alucinog
blanca,hombre,uso_alucinog
blanca,mujer,uso_alucinog
blanca,mujer,uso_alucinog
blanca,mujer,uso_alucinog
blanca,hombre,uso_alucinog
blanca,hombre,uso_alucinog
blanca,hombre,uso_alucinog
blanca,mujer,uso_alucinog
blanca,mujer,uso_alucinog
blanca,hombre,uso_alucinog
blanca,hombre,uso_alucinog
blanca,mujer,uso_alucinog
blanca,hombre,uso_alucinog
blanca,mujer,uso_alucinog
blanca,hombre,uso_alucinog
blanca,mujer,uso_alucinog
blanca,hombre,uso_alucinog
blanca,mujer,uso_alucinog
otra,mujer,uso_alucinog
blanca,hombre,uso_alucinog
blanca,mujer,uso_alucinog
blanca,mujer,uso_alucinog
otra,hombre,uso_alucinog
blanca,mujer,uso_alucinog
blanca,hombre,uso_alucinog
blanca,mujer,uso_alucinog
blanca,mujer,uso_alucinog
blanca,hombre,uso_alucinog
blanca,mujer,uso_alucinog
blanca,hombre,uso_alucinog
blanca,mujer,uso_alucinog
blanca,mujer,uso_alucinog
blanca,hombre,uso_alucinog
blanca,hombre,uso_alucinog
otra,hombre,uso_alucinog
blanca,hombre,uso_alucinog
blanca,mujer,uso_alucinog
blanca,mujer,uso_alucinog
blanca,hombre,uso_alucinog
blanca,hombre,uso_alucinog
blanca,hombre,uso_alucinog
blanca,mujer,uso_alucinog
blanca,hombre,uso_alucinog
blanca,hombre,uso_alucinog
blanca,mujer,uso_alucinog
blanca,mujer,uso_alucinog
blanca,hombre,uso_alucinog
blanca,mujer,uso_alucinog
blanca,hombre,uso_alucinog
blanca,hombre,uso_alucinog
otra,mujer,uso_alucinog
blanca,hombre,uso_alucinog
blanca,hombre,uso_alucinog
blanca,mujer,uso_alucinog
blanca,hombre,uso_alucinog
blanca,hombre,uso_alucinog
blanca,mujer,uso_alucinog
blanca,hombre,uso_alucinog
blanca,mujer,uso_alucinog
blanca,mujer,uso_alucinog
blanca,mujer,uso_alucinog
blanca,mujer,uso_alucinog
blanca,hombre,uso_alucinog
blanca,mujer,uso_alucinog
otra,mujer,uso_alucinog
blanca,hombre,uso_alucinog
blanca,hombre,uso_alucinog
blanca,hombre,uso_alucinog
blanca,hombre,uso_alucinog
blanca,mujer,uso_alucinog
blanca,hombre,uso_alucinog
blanca,hombre,uso_alucinog
blanca,hombre,uso_alucinog
blanca,mujer,uso_alucinog
blanca,mujer,uso_alucinog
blanca,mujer,uso_alucinog
blanca,mujer,uso_alucinog
blanca,mujer,uso_alucinog
blanca,mujer,uso_alucinog
blanca,mujer,uso_alucinog
blanca,mujer,uso_alucinog
blanca,mujer,uso_alucinog
blanca,hombre,uso_alucinog
blanca,mujer,uso_alucinog
blanca,hombre,uso_alucinog
blanca,mujer,uso_alucinog
blanca,mujer,uso_alucinog
blanca,mujer,uso_alucinog
blanca,mujer,uso_alucinog
blanca,hombre,uso_alucinog
blanca,mujer,uso_alucinog
blanca,mujer,uso_alucinog
blanca,mujer,uso_alucinog
otra,mujer,uso_alucinog
otra,mujer,uso_alucinog
blanca,mujer,uso_alucinog
blanca,mujer,uso_alucinog
blanca,mujer,uso_alucinog
blanca,mujer,uso_alucinog
blanca,mujer,uso_alucinog
blanca,mujer,uso_alucinog
blanca,hombre,uso_alucinog
blanca,hombre,uso_alucinog
blanca,mujer,uso_alucinog
blanca,mujer,uso_alucinog
blanca,mujer,uso_alucinog
blanca,hombre,uso_alucinog
blanca,hombre,uso_alucinog
otra,hombre,uso_alucinog
otra,mujer,uso_alucinog
blanca,hombre,uso_alucinog
blanca,mujer,uso_alucinog
blanca,mujer,uso_alucinog
blanca,hombre,uso_alucinog
blanca,hombre,uso_alucinog
blanca,mujer,uso_alucinog
blanca,hombre,uso_alucinog
blanca,mujer,uso_alucinog
blanca,hombre,uso_alucinog
blanca,hombre,uso_alucinog
blanca,mujer,uso_alucinog
blanca,hombre,uso_alucinog
blanca,mujer,uso_alucinog
blanca,mujer,uso_alucinog
blanca,mujer,uso_alucinog
blanca,hombre,uso_alucinog
blanca,hombre,uso_alucinog
blanca,hombre,uso_alucinog
blanca,hombre,uso_alucinog
blanca,mujer,uso_alucinog
blanca,hombre,uso_alucinog
blanca,hombre,uso_alucinog
blanca,mujer,uso_alucinog
blanca,hombre,uso_alucinog
blanca,hombre,uso_alucinog
blanca,hombre,uso_alucinog
blanca,hombre,uso_alucinog
blanca,mujer,uso_alucinog
blanca,hombre,uso_alucinog
blanca,mujer,uso_alucinog
blanca,mujer,uso_alucinog
blanca,hombre,uso_alucinog
blanca,hombre,uso_alucinog
blanca,hombre,uso_alucinog
blanca,mujer,uso_alucinog
blanca,hombre,uso_alucinog
blanca,mujer,uso_alucinog
blanca,mujer,uso_alucinog
blanca,hombre,uso_alucinog
blanca,hombre,uso_alucinog
blanca,hombre,uso_alucinog
blanca,hombre,uso_alucinog
blanca,hombre,uso_alucinog
blanca,mujer,uso_alucinog
otra,mujer,uso_alucinog
otra,hombre,uso_alucinog
otra,hombre,uso_alucinog
blanca,mujer,uso_alucinog
blanca,mujer,uso_alucinog
blanca,mujer,uso_alucinog
otra,mujer,uso_alucinog
blanca,hombre,uso_alucinog
blanca,hombre,uso_alucinog
blanca,hombre,uso_alucinog
blanca,mujer,uso_alucinog
blanca,mujer,uso_alucinog
blanca,mujer,uso_alucinog
blanca,mujer,uso_alucinog
blanca,hombre,uso_alucinog
blanca,mujer,uso_alucinog
blanca,hombre,uso_alucinog
blanca,hombre,uso_alucinog
blanca,mujer,uso_alucinog
blanca,mujer,uso_alucinog
blanca,mujer,uso_alucinog
blanca,mujer,uso_alucinog
blanca,hombre,uso_alucinog
blanca,hombre,uso_alucinog
otra,mujer,uso_alucinog
blanca,mujer,uso_alucinog
blanca,hombre,uso_alucinog
blanca,hombre,uso_alucinog
blanca,hombre,uso_alucinog
blanca,hombre,uso_alucinog
blanca,mujer,uso_alucinog
blanca,mujer,uso_alucinog
blanca,mujer,uso_alucinog
blanca,mujer,uso_alucinog
blanca,hombre,uso_alucinog
blanca,hombre,uso_alucinog
blanca,mujer,uso_alucinog
blanca,hombre,uso_alucinog
blanca,mujer,uso_alucinog
blanca,hombre,uso_alucinog
blanca,mujer,uso_alucinog
blanca,hombre,uso_alucinog
blanca,mujer,uso_alucinog
blanca,mujer,uso_alucinog
blanca,hombre,uso_alucinog
otra,mujer,uso_alucinog
blanca,hombre,uso_alucinog
blanca,hombre,uso_alucinog
blanca,mujer,uso_alucinog
blanca,hombre,uso_alucinog
blanca,mujer,uso_alucinog
blanca,hombre,uso_alucinog
blanca,mujer,uso_alucinog
blanca,mujer,uso_alucinog
otra,hombre,uso_alucinog
otra,hombre,uso_alucinog
blanca,mujer,uso_alucinog
blanca,hombre,uso_alucinog
blanca,mujer,uso_alucinog
blanca,mujer,uso_alucinog
blanca,hombre,uso_alucinog
blanca,mujer,uso_alucinog
blanca,mujer,uso_alucinog
blanca,mujer,uso_alucinog
blanca,mujer,uso_alucinog
blanca,mujer,uso_alucinog
otra,hombre,uso_alucinog
blanca,mujer,uso_alucinog
blanca,mujer,uso_alucinog
blanca,mujer,uso_alucinog
blanca,hombre,uso_alucinog
blanca,hombre,uso_alucinog
blanca,hombre,uso_alucinog
blanca,mujer,uso_alucinog
blanca,mujer,uso_alucinog
blanca,mujer,uso_alucinog
blanca,hombre,uso_alucinog
blanca,mujer,uso_alucinog
otra,hombre,uso_alucinog
blanca,mujer,uso_alucinog
blanca,mujer,uso_alucinog
blanca,mujer,uso_alucinog
blanca,hombre,uso_alucinog
blanca,hombre,uso_alucinog
blanca,mujer,uso_alucinog
blanca,mujer,uso_alucinog
blanca,hombre,uso_alucinog
blanca,hombre,uso_alucinog
blanca,hombre,uso_alucinog
blanca,mujer,uso_alucinog
blanca,hombre,uso_alucinog
blanca,hombre,uso_alucinog
blanca,hombre,uso_alucinog
blanca,hombre,uso_alucinog
blanca,mujer,uso_alucinog
otra,hombre,uso_alucinog
blanca,hombre,uso_alucinog
blanca,hombre,uso_alucinog
blanca,mujer,uso_alucinog
blanca,hombre,uso_alucinog
blanca,mujer,uso_alucinog
blanca,mujer,uso_alucinog
blanca,mujer,uso_alucinog
blanca,mujer,uso_alucinog
blanca,mujer,uso_alucinog
blanca,hombre,uso_alucinog
blanca,hombre,uso_alucinog
blanca,mujer,uso_alucinog
blanca,mujer,uso_alucinog
blanca,hombre,uso_alucinog
otra,mujer,uso_alucinog
blanca,hombre,uso_alucinog
otra,mujer,uso_alucinog
blanca,hombre,uso_alucinog
otra,hombre,uso_alucinog
blanca,mujer,uso_alucinog
blanca,mujer,uso_alucinog
blanca,mujer,uso_alucinog
blanca,hombre,uso_alucinog
blanca,mujer,uso_alucinog
otra,hombre,uso_alucinog
blanca,hombre,uso_alucinog
blanca,hombre,uso_alucinog
blanca,hombre,uso_alucinog
blanca,mujer,uso_alucinog
blanca,hombre,uso_alucinog
blanca,mujer,uso_alucinog
blanca,hombre,uso_alucinog
blanca,mujer,uso_alucinog
blanca,hombre,uso_alucinog
blanca,mujer,uso_alucinog
blanca,hombre,uso_alucinog
blanca,mujer,uso_alucinog
blanca,mujer,uso_alucinog
blanca,hombre,uso_alucinog
blanca,mujer,uso_alucinog
blanca,hombre,uso_alucinog
blanca,hombre,uso_alucinog
blanca,mujer,uso_alucinog
blanca,mujer,uso_alucinog
blanca,mujer,uso_alucinog
blanca,mujer,uso_alucinog
blanca,mujer,uso_alucinog
blanca,mujer,uso_alucinog
blanca,mujer,uso_alucinog
blanca,hombre,uso_alucinog
blanca,mujer,uso_alucinog
blanca,mujer,uso_alucinog
blanca,mujer,uso_alucinog
blanca,mujer,uso_alucinog
blanca,mujer,uso_alucinog
blanca,hombre,uso_alucinog
blanca,mujer,uso_alucinog
blanca,hombre,uso_alucinog
blanca,mujer,uso_alucinog
blanca,mujer,uso_alucinog
blanca,mujer,uso_alucinog
blanca,mujer,uso_alucinog
blanca,mujer,uso_alucinog
blanca,mujer,uso_alucinog
blanca,hombre,uso_alucinog
blanca,mujer,uso_alucinog
blanca,mujer,uso_alucinog
blanca,hombre,uso_alucinog
blanca,hombre,uso_alucinog
blanca,hombre,uso_alucinog
blanca,mujer,uso_alucinog
blanca,hombre,uso_alucinog
blanca,hombre,uso_alucinog
blanca,mujer,uso_alucinog
blanca,mujer,uso_alucinog
blanca,hombre,uso_alucinog
blanca,mujer,uso_alucinog
blanca,hombre,uso_alucinog
blanca,mujer,uso_alucinog
blanca,mujer,uso_alucinog
blanca,mujer,uso_alucinog
blanca,mujer,uso_alucinog
blanca,hombre,uso_alucinog
blanca,mujer,uso_alucinog
blanca,mujer,uso_alucinog
blanca,mujer,uso_alucinog
blanca,hombre,uso_alucinog
blanca,hombre,uso_alucinog
blanca,hombre,uso_alucinog
blanca,hombre,uso_alucinog
blanca,hombre,uso_alucinog
blanca,hombre,uso_alucinog
blanca,hombre,uso_alucinog
otra,hombre,uso_alucinog
blanca,mujer,uso_alucinog
blanca,hombre,uso_alucinog
blanca,hombre,uso_alucinog
blanca,hombre,uso_alucinog
blanca,mujer,uso_alucinog
blanca,hombre,uso_alucinog
blanca,hombre,uso_alucinog
blanca,hombre,uso_alucinog
blanca,hombre,uso_alucinog
blanca,mujer,uso_alucinog
blanca,mujer,uso_alucinog
blanca,mujer,uso_alucinog
blanca,mujer,uso_alucinog
blanca,hombre,uso_alucinog
blanca,hombre,uso_alucinog
blanca,mujer,uso_alucinog
blanca,mujer,uso_alucinog
blanca,hombre,uso_alucinog
blanca,hombre,uso_alucinog
blanca,mujer,uso_alucinog
otra,hombre,uso_alucinog
blanca,hombre,uso_alucinog
blanca,mujer,uso_alucinog
blanca,mujer,uso_alucinog
blanca,hombre,uso_alucinog
otra,hombre,uso_alucinog
blanca,hombre,uso_alucinog
blanca,hombre,uso_alucinog
blanca,hombre,uso_alucinog
blanca,hombre,uso_alucinog
blanca,hombre,uso_alucinog
blanca,mujer,uso_alucinog
blanca,hombre,uso_alucinog
blanca,mujer,uso_alucinog
blanca,mujer,uso_alucinog
blanca,hombre,uso_alucinog
blanca,hombre,uso_alucinog
blanca,mujer,uso_alucinog
blanca,mujer,uso_alucinog
blanca,hombre,uso_alucinog
otra,hombre,uso_alucinog
blanca,hombre,uso_alucinog
otra,hombre,uso_alucinog
otra,hombre,uso_alucinog
otra,hombre,uso_alucinog
blanca,hombre,uso_alucinog
blanca,mujer,uso_alucinog
otra,mujer,uso_alucinog
blanca,mujer,uso_alucinog
blanca,hombre,uso_alucinog
blanca,mujer,uso_alucinog
blanca,mujer,uso_alucinog
blanca,mujer,uso_alucinog
blanca,hombre,uso_alucinog
blanca,mujer,uso_alucinog
blanca,mujer,uso_alucinog
blanca,mujer,uso_alucinog
blanca,mujer,uso_alucinog
blanca,hombre,uso_alucinog
blanca,mujer,uso_alucinog
blanca,hombre,uso_alucinog
blanca,hombre,uso_alucinog
blanca,mujer,uso_alucinog
blanca,hombre,uso_alucinog
blanca,hombre,uso_alucinog
blanca,hombre,uso_alucinog
blanca,mujer,uso_alucinog
blanca,mujer,uso_alucinog
blanca,mujer,uso_alucinog
blanca,hombre,uso_alucinog
blanca,hombre,uso_alucinog
blanca,hombre,uso_alucinog
blanca,hombre,uso_alucinog
blanca,mujer,uso_alucinog
blanca,hombre,uso_alucinog
blanca,mujer,uso_alucinog
blanca,mujer,uso_alucinog
blanca,mujer,uso_alucinog
otra,mujer,uso_alucinog
blanca,hombre,uso_alucinog
blanca,hombre,uso_alucinog
blanca,mujer,uso_alucinog
blanca,mujer,uso_alucinog
blanca,hombre,uso_alucinog
blanca,mujer,uso_alucinog
blanca,mujer,uso_alucinog
blanca,hombre,uso_alucinog
blanca,hombre,uso_alucinog
blanca,hombre,uso_alucinog
otra,mujer,uso_alucinog
blanca,mujer,uso_alucinog
blanca,hombre,uso_alucinog
blanca,mujer,uso_alucinog
blanca,hombre,uso_alucinog
blanca,hombre,uso_alucinog
blanca,hombre,uso_alucinog
blanca,mujer,uso_alucinog
blanca,mujer,uso_alucinog
blanca,hombre,uso_alucinog
blanca,hombre,uso_alucinog
blanca,hombre,uso_alucinog
blanca,mujer,uso_alucinog
blanca,hombre,uso_alucinog
blanca,hombre,uso_alucinog
blanca,mujer,uso_alucinog
blanca,hombre,uso_alucinog
blanca,hombre,uso_alucinog
blanca,hombre,uso_alucinog
blanca,mujer,uso_alucinog
otra,mujer,uso_alucinog
blanca,hombre,uso_alucinog
blanca,mujer,uso_alucinog
blanca,mujer,uso_alucinog
blanca,mujer,uso_alucinog
blanca,hombre,uso_alucinog
blanca,hombre,uso_alucinog
blanca,mujer,uso_alucinog
blanca,hombre,uso_alucinog
blanca,mujer,uso_alucinog
blanca,mujer,uso_alucinog
blanca,mujer,uso_alucinog
blanca,hombre,uso_alucinog
blanca,hombre,uso_alucinog
otra,mujer,uso_alucinog
blanca,hombre,uso_alucinog
blanca,hombre,uso_alucinog
blanca,mujer,uso_alucinog
blanca,mujer,uso_alucinog
blanca,mujer,uso_alucinog
blanca,hombre,uso_alucinog
blanca,hombre,uso_alucinog
otra,mujer,uso_alucinog
blanca,hombre,uso_alucinog
blanca,hombre,uso_alucinog
blanca,hombre,uso_alucinog
blanca,hombre,uso_alucinog
blanca,mujer,uso_alucinog
blanca,mujer,uso_alucinog
blanca,mujer,uso_alucinog
blanca,hombre,uso_alucinog
blanca,mujer,uso_alucinog
blanca,hombre,uso_alucinog
blanca,hombre,uso_alucinog
blanca,mujer,uso_alucinog
blanca,hombre,uso_alucinog
blanca,mujer,uso_alucinog
blanca,hombre,uso_alucinog
blanca,mujer,uso_alucinog
blanca,mujer,uso_alucinog
blanca,mujer,uso_alucinog
blanca,mujer,uso_alucinog
blanca,hombre,uso_alucinog
blanca,mujer,uso_alucinog
blanca,mujer,uso_alucinog
blanca,hombre,uso_alucinog
blanca,mujer,uso_alucinog
blanca,mujer,uso_alucinog
blanca,mujer,uso_alucinog
otra,mujer,uso_alucinog
blanca,hombre,uso_alucinog
blanca,mujer,uso_alucinog
blanca,hombre,uso_alucinog
otra,hombre,uso_alucinog
blanca,hombre,uso_alucinog
blanca,hombre,uso_alucinog
blanca,hombre,uso_alucinog
blanca,hombre,uso_alucinog
blanca,hombre,uso_alucinog
blanca,hombre,uso_alucinog
blanca,hombre,uso_alucinog
blanca,mujer,uso_alucinog
blanca,hombre,uso_alucinog
blanca,mujer,uso_alucinog
blanca,mujer,uso_alucinog
blanca,hombre,uso_alucinog
blanca,hombre,uso_alucinog
blanca,mujer,uso_alucinog
blanca,hombre,uso_alucinog
blanca,hombre,uso_alucinog
blanca,hombre,uso_alucinog
blanca,mujer,uso_alucinog
otra,hombre,uso_alucinog
blanca,mujer,uso_alucinog
otra,hombre,uso_alucinog
blanca,hombre,uso_alucinog
otra,mujer,uso_alucinog
blanca,hombre,uso_alucinog
blanca,hombre,uso_alucinog
blanca,hombre,uso_alucinog
blanca,mujer,uso_alucinog
blanca,mujer,uso_alucinog
blanca,hombre,uso_alucinog
blanca,mujer,uso_alucinog
blanca,mujer,uso_alucinog
blanca,mujer,uso_alucinog
blanca,mujer,uso_alucinog
blanca,mujer,uso_alucinog
blanca,hombre,uso_alucinog
blanca,mujer,uso_alucinog
blanca,hombre,uso_alucinog
blanca,mujer,uso_alucinog
blanca,hombre,uso_alucinog
blanca,hombre,uso_alucinog
otra,hombre,uso_alucinog
blanca,hombre,uso_alucinog
blanca,hombre,uso_alucinog
blanca,hombre,uso_alucinog
blanca,hombre,uso_alucinog
blanca,hombre,uso_alucinog
otra,hombre,uso_alucinog
blanca,hombre,uso_alucinog
blanca,hombre,uso_alucinog
blanca,mujer,uso_alucinog
blanca,hombre,uso_alucinog
blanca,mujer,uso_alucinog
blanca,hombre,uso_alucinog
blanca,mujer,uso_alucinog
blanca,mujer,uso_alucinog
blanca,hombre,uso_alucinog
blanca,hombre,uso_alucinog
blanca,hombre,uso_alucinog
blanca,mujer,uso_alucinog
blanca,mujer,uso_alucinog
blanca,mujer,uso_alucinog
blanca,mujer,uso_alucinog
blanca,mujer,uso_alucinog
blanca,hombre,uso_alucinog
blanca,mujer,uso_alucinog
blanca,hombre,uso_alucinog
blanca,mujer,uso_alucinog
blanca,hombre,uso_alucinog
blanca,mujer,uso_alucinog
blanca,mujer,uso_alucinog
blanca,mujer,uso_alucinog
blanca,hombre,uso_alucinog
blanca,hombre,uso_alucinog
otra,mujer,uso_alucinog
blanca,hombre,uso_alucinog
blanca,mujer,uso_alucinog
blanca,mujer,uso_alucinog
blanca,mujer,uso_alucinog
blanca,hombre,uso_alucinog
blanca,mujer,uso_alucinog
blanca,hombre,uso_alucinog
blanca,mujer,uso_alucinog
blanca,mujer,uso_alucinog
blanca,hombre,uso_alucinog
blanca,mujer,uso_alucinog
blanca,hombre,uso_alucinog
blanca,hombre,uso_alucinog
blanca,hombre,uso_alucinog
blanca,hombre,uso_alucinog
blanca,hombre,uso_alucinog
blanca,mujer,uso_alucinog
blanca,hombre,uso_alucinog
blanca,mujer,uso_alucinog
blanca,mujer,uso_alucinog
blanca,mujer,uso_alucinog
blanca,hombre,uso_alucinog
blanca,hombre,uso_alucinog
otra,hombre,uso_alucinog
blanca,hombre,uso_alucinog
blanca,hombre,uso_alucinog
blanca,mujer,uso_alucinog
blanca,hombre,uso_alucinog
blanca,hombre,uso_alucinog
blanca,hombre,uso_alucinog
blanca,hombre,uso_alucinog
blanca,mujer,uso_alucinog
blanca,hombre,uso_alucinog
blanca,hombre,uso_alucinog
blanca,mujer,uso_alucinog
blanca,hombre,uso_alucinog
blanca,mujer,uso_alucinog
blanca,mujer,uso_alucinog
blanca,hombre,uso_alucinog
blanca,mujer,uso_alucinog
blanca,hombre,uso_alucinog
blanca,mujer,uso_alucinog
blanca,hombre,uso_alucinog
blanca,hombre,uso_alucinog
blanca,hombre,uso_alucinog
blanca,mujer,uso_alucinog
otra,hombre,uso_alucinog
blanca,hombre,uso_alucinog
otra,hombre,uso_alucinog
blanca,hombre,uso_alucinog
blanca,hombre,uso_alucinog
blanca,hombre,uso_alucinog
blanca,mujer,uso_alucinog
blanca,mujer,uso_alucinog
blanca,hombre,uso_alucinog
blanca,hombre,uso_alucinog
blanca,mujer,uso_alucinog
blanca,hombre,uso_alucinog
blanca,mujer,uso_alucinog
blanca,hombre,uso_alucinog
blanca,mujer,uso_alucinog
blanca,mujer,uso_alucinog
blanca,mujer,uso_alucinog
blanca,hombre,uso_alucinog
blanca,hombre,uso_alucinog
otra,hombre,uso_alucinog
blanca,mujer,uso_alucinog
blanca,mujer,uso_alucinog
blanca,hombre,uso_alucinog
blanca,mujer,uso_alucinog
blanca,hombre,uso_alucinog
blanca,mujer,uso_alucinog
blanca,hombre,uso_alucinog
blanca,mujer,uso_alucinog
blanca,hombre,uso_alucinog
blanca,mujer,uso_alucinog
blanca,hombre,uso_alucinog
blanca,mujer,uso_alucinog
blanca,mujer,uso_alucinog
blanca,mujer,uso_alucinog
blanca,mujer,uso_alucinog
blanca,mujer,uso_alucinog
blanca,hombre,uso_alucinog
blanca,mujer,uso_alucinog
blanca,hombre,uso_alucinog
blanca,mujer,uso_alucinog
blanca,mujer,uso_alucinog
blanca,mujer,uso_alucinog
blanca,hombre,uso_alucinog
blanca,mujer,uso_alucinog
blanca,hombre,uso_alucinog
blanca,hombre,uso_alucinog
otra,mujer,uso_alucinog
blanca,mujer,uso_alucinog
otra,mujer,uso_alucinog
blanca,hombre,uso_alucinog
blanca,hombre,uso_alucinog
otra,hombre,uso_alucinog
blanca,mujer,uso_alucinog
blanca,mujer,uso_alucinog
blanca,hombre,uso_alucinog
blanca,hombre,uso_alucinog
blanca,hombre,uso_alucinog
blanca,mujer,uso_alucinog
blanca,hombre,uso_alucinog
blanca,hombre,uso_alucinog
blanca,mujer,uso_alucinog
blanca,hombre,uso_alucinog
blanca,hombre,uso_alucinog
blanca,hombre,uso_alucinog
blanca,hombre,uso_alucinog
blanca,mujer,uso_alucinog
blanca,mujer,uso_alucinog
blanca,mujer,uso_alucinog
blanca,hombre,uso_alucinog
otra,hombre,uso_alucinog
blanca,hombre,uso_alucinog
otra,mujer,uso_alucinog
blanca,hombre,uso_alucinog
blanca,hombre,uso_alucinog
blanca,mujer,uso_alucinog
blanca,mujer,uso_alucinog
blanca,mujer,uso_alucinog
blanca,hombre,uso_alucinog
blanca,mujer,uso_alucinog
blanca,mujer,uso_alucinog
blanca,mujer,uso_alucinog
blanca,hombre,uso_alucinog
blanca,mujer,uso_alucinog
blanca,hombre,uso_alucinog
blanca,mujer,uso_alucinog
blanca,mujer,uso_alucinog
blanca,mujer,uso_alucinog
blanca,mujer,uso_alucinog
blanca,hombre,uso_alucinog
blanca,hombre,uso_alucinog
blanca,mujer,uso_alucinog
blanca,hombre,uso_alucinog
blanca,mujer,uso_alucinog
blanca,hombre,uso_alucinog
blanca,hombre,uso_alucinog
blanca,mujer,uso_alucinog
blanca,mujer,uso_alucinog
blanca,hombre,uso_alucinog
blanca,hombre,uso_alucinog
blanca,mujer,uso_alucinog
blanca,mujer,uso_alucinog
blanca,hombre,uso_alucinog
blanca,hombre,uso_alucinog
blanca,mujer,uso_alucinog
blanca,mujer,uso_alucinog
blanca,mujer,uso_alucinog
blanca,hombre,uso_alucinog
blanca,hombre,uso_alucinog
blanca,hombre,uso_alucinog
blanca,hombre,uso_alucinog
blanca,hombre,uso_alucinog
blanca,hombre,uso_alucinog
blanca,mujer,uso_alucinog
blanca,hombre,uso_alucinog
blanca,mujer,uso_alucinog
blanca,mujer,uso_alucinog
blanca,hombre,uso_alucinog
blanca,mujer,uso_alucinog
blanca,hombre,uso_alucinog
blanca,mujer,uso_alucinog
blanca,mujer,uso_alucinog
blanca,mujer,uso_alucinog
otra,hombre,uso_alucinog
blanca,hombre,uso_alucinog
blanca,hombre,uso_alucinog
blanca,mujer,uso_alucinog
blanca,hombre,uso_alucinog
blanca,hombre,uso_alucinog
blanca,hombre,uso_alucinog
blanca,hombre,uso_alucinog
blanca,hombre,uso_alucinog
otra,mujer,uso_alucinog
blanca,hombre,uso_alucinog
blanca,mujer,uso_alucinog
blanca,mujer,uso_alucinog
blanca,hombre,uso_alucinog
blanca,hombre,uso_alucinog
blanca,mujer,uso_alucinog
blanca,hombre,uso_alucinog
blanca,hombre,uso_alucinog
blanca,mujer,uso_alucinog
blanca,mujer,uso_alucinog
blanca,hombre,uso_alucinog
blanca,mujer,uso_alucinog
blanca,hombre,uso_alucinog
blanca,hombre,uso_alucinog
blanca,hombre,uso_alucinog
blanca,hombre,uso_alucinog
blanca,hombre,uso_alucinog
blanca,hombre,uso_alucinog
blanca,mujer,uso_alucinog
blanca,mujer,uso_alucinog
blanca,hombre,uso_alucinog
blanca,mujer,uso_alucinog
otra,mujer,uso_alucinog
blanca,hombre,uso_alucinog
blanca,mujer,uso_alucinog
blanca,mujer,uso_alucinog
blanca,hombre,uso_alucinog
otra,hombre,uso_alucinog
blanca,mujer,uso_alucinog
blanca,mujer,uso_alucinog
blanca,mujer,uso_alucinog
blanca,hombre,uso_alucinog
blanca,hombre,uso_alucinog
blanca,mujer,uso_alucinog
blanca,hombre,uso_alucinog
blanca,mujer,uso_alucinog
blanca,hombre,uso_alucinog
blanca,hombre,uso_alucinog
blanca,mujer,uso_alucinog
blanca,hombre,uso_alucinog
blanca,hombre,uso_alucinog
blanca,mujer,uso_alucinog
blanca,mujer,uso_alucinog
blanca,hombre,uso_alucinog
blanca,hombre,uso_alucinog
blanca,mujer,uso_alucinog
blanca,hombre,uso_alucinog
blanca,hombre,uso_alucinog
blanca,hombre,uso_alucinog
blanca,hombre,uso_alucinog
blanca,hombre,uso_alucinog
blanca,hombre,uso_alucinog
blanca,hombre,uso_alucinog
otra,hombre,uso_alucinog
blanca,mujer,uso_alucinog
blanca,hombre,uso_alucinog
blanca,mujer,uso_alucinog
blanca,mujer,uso_alucinog
blanca,hombre,uso_alucinog
blanca,mujer,uso_alucinog
blanca,hombre,uso_alucinog
blanca,hombre,uso_alucinog
blanca,hombre,uso_alucinog
blanca,hombre,uso_alucinog
blanca,hombre,uso_alucinog
blanca,mujer,uso_alucinog
blanca,hombre,uso_alucinog
otra,hombre,uso_alucinog
blanca,hombre,uso_alucinog
blanca,hombre,uso_alucinog
blanca,mujer,uso_alucinog
blanca,mujer,uso_alucinog
blanca,hombre,uso_alucinog
blanca,mujer,uso_alucinog
blanca,mujer,uso_alucinog
otra,mujer,uso_alucinog
blanca,hombre,uso_alucinog
otra,hombre,uso_alucinog
blanca,hombre,uso_alucinog
blanca,hombre,uso_alucinog
blanca,hombre,uso_alucinog
blanca,mujer,uso_alucinog
blanca,hombre,uso_alucinog
blanca,hombre,uso_alucinog
blanca,hombre,uso_alucinog
blanca,mujer,uso_alucinog
blanca,hombre,uso_alucinog
blanca,hombre,uso_alucinog
blanca,hombre,uso_alucinog
blanca,mujer,uso_alucinog
blanca,hombre,uso_alucinog
otra,hombre,uso_alucinog
blanca,mujer,uso_alucinog
blanca,hombre,uso_alucinog
blanca,hombre,uso_alucinog
blanca,hombre,uso_alucinog
otra,mujer,uso_alucinog
blanca,hombre,uso_alucinog
blanca,mujer,uso_alucinog
blanca,hombre,uso_alucinog
otra,hombre,uso_alucinog
blanca,mujer,uso_alucinog
blanca,hombre,uso_alucinog
blanca,hombre,uso_alucinog
blanca,hombre,uso_alucinog
blanca,mujer,uso_alucinog
blanca,mujer,uso_alucinog
otra,mujer,uso_alucinog
blanca,hombre,uso_alucinog
blanca,hombre,uso_alucinog
blanca,mujer,uso_alucinog
blanca,mujer,uso_alucinog
blanca,mujer,uso_alucinog
blanca,mujer,uso_alucinog
otra,hombre,uso_alucinog
blanca,hombre,uso_alucinog
blanca,mujer,uso_alucinog
blanca,mujer,uso_alucinog
blanca,mujer,uso_alucinog
blanca,mujer,uso_alucinog
otra,hombre,uso_alucinog
blanca,mujer,uso_alucinog
blanca,mujer,uso_alucinog
blanca,mujer,uso_alucinog
blanca,hombre,uso_alucinog
blanca,mujer,uso_alucinog
blanca,hombre,uso_alucinog
blanca,mujer,uso_alucinog
blanca,hombre,uso_alucinog
blanca,mujer,uso_alucinog
blanca,mujer,uso_alucinog
blanca,hombre,uso_alucinog
blanca,mujer,uso_alucinog
blanca,hombre,uso_alucinog
blanca,mujer,uso_alucinog
blanca,mujer,uso_alucinog
blanca,mujer,uso_alucinog
blanca,hombre,uso_alucinog
blanca,hombre,uso_alucinog
blanca,hombre,uso_alucinog
blanca,hombre,uso_alucinog
blanca,hombre,uso_alucinog
otra,mujer,uso_alucinog
blanca,hombre,uso_alucinog
blanca,hombre,uso_alucinog
blanca,hombre,uso_alucinog
blanca,hombre,uso_alucinog
blanca,mujer,uso_alucinog
blanca,hombre,uso_alucinog
blanca,hombre,uso_alucinog
blanca,hombre,uso_alucinog
blanca,hombre,uso_alucinog
blanca,mujer,uso_alucinog
blanca,mujer,uso_alucinog
blanca,hombre,uso_alucinog
blanca,mujer,uso_alucinog
blanca,hombre,uso_alucinog
blanca,mujer,uso_alucinog
blanca,hombre,uso_alucinog
blanca,hombre,uso_alucinog
blanca,hombre,uso_alucinog
blanca,hombre,uso_alucinog
blanca,hombre,uso_alucinog
blanca,mujer,uso_alucinog
blanca,mujer,uso_alucinog
blanca,mujer,uso_alucinog
blanca,hombre,uso_alucinog
blanca,mujer,uso_alucinog
blanca,hombre,uso_alucinog
blanca,hombre,uso_alucinog
blanca,hombre,uso_alucinog
blanca,hombre,uso_alucinog
blanca,hombre,uso_alucinog
blanca,mujer,uso_alucinog
blanca,hombre,uso_alucinog
blanca,mujer,uso_alucinog
blanca,mujer,uso_alucinog
blanca,hombre,uso_alucinog
blanca,hombre,uso_alucinog
blanca,mujer,uso_alucinog
otra,mujer,uso_alucinog
otra,hombre,uso_alucinog
blanca,hombre,uso_alucinog
blanca,mujer,uso_alucinog
blanca,mujer,uso_alucinog
blanca,hombre,uso_alucinog
blanca,mujer,uso_alucinog
blanca,hombre,uso_alucinog
blanca,hombre,uso_alucinog
blanca,mujer,uso_alucinog
blanca,hombre,uso_alucinog
blanca,mujer,uso_alucinog
blanca,mujer,uso_alucinog
blanca,hombre,uso_alucinog
blanca,hombre,uso_alucinog
blanca,hombre,uso_alucinog
blanca,hombre,uso_alucinog
blanca,mujer,uso_alucinog
blanca,mujer,uso_alucinog
blanca,hombre,uso_alucinog
blanca,mujer,uso_alucinog
blanca,mujer,uso_alucinog
blanca,hombre,uso_alucinog
blanca,mujer,uso_alucinog
otra,hombre,uso_alucinog
blanca,mujer,uso_alucinog
blanca,mujer,uso_alucinog
blanca,hombre,uso_alucinog
blanca,hombre,uso_alucinog
blanca,mujer,uso_alucinog
blanca,mujer,uso_alucinog
blanca,mujer,uso_alucinog
blanca,hombre,uso_alucinog
blanca,mujer,uso_alucinog
blanca,mujer,uso_alucinog
blanca,mujer,uso_alucinog
blanca,mujer,uso_alucinog
blanca,hombre,uso_alucinog
blanca,hombre,uso_alucinog
blanca,mujer,uso_alucinog
blanca,mujer,uso_alucinog
blanca,hombre,uso_alucinog
blanca,hombre,uso_alucinog
blanca,hombre,uso_alucinog
blanca,mujer,uso_alucinog
blanca,mujer,uso_alucinog
blanca,mujer,uso_alucinog
blanca,mujer,uso_alucinog
blanca,hombre,uso_alucinog
blanca,hombre,uso_alucinog
blanca,hombre,uso_alucinog
blanca,mujer,uso_alucinog
blanca,hombre,uso_alucinog
otra,mujer,uso_alucinog
blanca,hombre,uso_alucinog
blanca,mujer,uso_alucinog
blanca,mujer,uso_alucinog
otra,mujer,uso_alucinog
blanca,hombre,uso_alucinog
blanca,hombre,uso_alucinog
blanca,mujer,uso_alucinog
blanca,hombre,uso_alucinog
blanca,hombre,uso_alucinog
blanca,hombre,uso_alucinog
blanca,hombre,uso_alucinog
otra,hombre,uso_alucinog
blanca,mujer,uso_alucinog
blanca,hombre,uso_alucinog
blanca,hombre,uso_alucinog
blanca,mujer,uso_alucinog
blanca,hombre,uso_alucinog
blanca,hombre,uso_alucinog
blanca,mujer,uso_alucinog
blanca,hombre,uso_alucinog
blanca,hombre,uso_alucinog
blanca,hombre,uso_alucinog
blanca,hombre,uso_alucinog
blanca,mujer,uso_alucinog
blanca,mujer,uso_alucinog
blanca,mujer,uso_alucinog
blanca,mujer,uso_alucinog
blanca,hombre,uso_alucinog
blanca,hombre,uso_alucinog
blanca,hombre,uso_alucinog
blanca,mujer,uso_alucinog
blanca,mujer,uso_alucinog
blanca,mujer,uso_alucinog
blanca,hombre,uso_alucinog
blanca,hombre,uso_alucinog
blanca,mujer,uso_alucinog
blanca,mujer,uso_alucinog
blanca,mujer,uso_alucinog
blanca,mujer,uso_alucinog
blanca,mujer,uso_alucinog
blanca,mujer,uso_alucinog
blanca,mujer,uso_alucinog
otra,hombre,uso_alucinog
blanca,hombre,uso_alucinog
blanca,hombre,uso_alucinog
blanca,hombre,uso_alucinog
blanca,hombre,uso_alucinog
blanca,mujer,uso_alucinog
blanca,mujer,uso_alucinog
blanca,mujer,uso_alucinog
blanca,hombre,uso_alucinog
blanca,hombre,uso_alucinog
blanca,mujer,uso_alucinog
blanca,hombre,uso_alucinog
blanca,hombre,uso_alucinog
blanca,hombre,uso_alucinog
otra,mujer,uso_alucinog
blanca,mujer,uso_alucinog
blanca,mujer,uso_alucinog
blanca,mujer,uso_alucinog
blanca,hombre,uso_alucinog
blanca,mujer,uso_alucinog
blanca,hombre,uso_alucinog
blanca,hombre,uso_alucinog
blanca,mujer,uso_alucinog
blanca,hombre,uso_alucinog
blanca,mujer,uso_alucinog
blanca,mujer,uso_alucinog
blanca,hombre,uso_alucinog
blanca,hombre,uso_alucinog
blanca,hombre,uso_alucinog
blanca,hombre,uso_alucinog
blanca,mujer,uso_alucinog
blanca,mujer,uso_alucinog
blanca,mujer,uso_alucinog
otra,mujer,uso_alucinog
blanca,hombre,uso_alucinog
blanca,hombre,uso_alucinog
blanca,mujer,uso_alucinog
blanca,mujer,uso_alucinog
otra,hombre,uso_alucinog
blanca,hombre,uso_alucinog
blanca,hombre,uso_alucinog
blanca,mujer,uso_alucinog
blanca,hombre,uso_alucinog
blanca,mujer,uso_alucinog
blanca,hombre,uso_alucinog
blanca,hombre,uso_alucinog
blanca,mujer,uso_alucinog
blanca,hombre,uso_alucinog
blanca,hombre,uso_alucinog
blanca,hombre,uso_alucinog
blanca,hombre,uso_alucinog
blanca,hombre,uso_alucinog
blanca,hombre,uso_alucinog
blanca,mujer,uso_alucinog
blanca,mujer,uso_alucinog
blanca,hombre,uso_alucinog
blanca,hombre,uso_alucinog
blanca,hombre,uso_alucinog
blanca,hombre,uso_alucinog
blanca,hombre,uso_alucinog
blanca,hombre,uso_alucinog
blanca,mujer,uso_alucinog
blanca,mujer,uso_alucinog
blanca,mujer,uso_alucinog
blanca,hombre,uso_alucinog
blanca,mujer,uso_alucinog
blanca,hombre,uso_alucinog
blanca,hombre,uso_alucinog
blanca,mujer,uso_alucinog
blanca,hombre,uso_alucinog
blanca,hombre,uso_alucinog
blanca,hombre,uso_alucinog
otra,hombre,uso_alucinog
blanca,mujer,uso_alucinog
blanca,hombre,uso_alucinog
blanca,hombre,uso_alucinog
blanca,hombre,uso_alucinog
blanca,hombre,uso_alucinog
blanca,hombre,uso_alucinog
blanca,mujer,uso_alucinog
blanca,mujer,uso_alucinog
blanca,mujer,uso_alucinog
blanca,hombre,uso_alucinog
blanca,mujer,uso_alucinog
blanca,hombre,uso_alucinog
blanca,hombre,uso_alucinog
blanca,mujer,uso_alucinog
otra,mujer,uso_alucinog
blanca,hombre,uso_alucinog
blanca,hombre,uso_alucinog
blanca,mujer,uso_alucinog
blanca,mujer,uso_alucinog
blanca,mujer,uso_alucinog
blanca,hombre,uso_alucinog
blanca,hombre,uso_alucinog
otra,hombre,uso_alucinog
blanca,mujer,uso_alucinog
otra,hombre,uso_alucinog
blanca,mujer,uso_alucinog
blanca,mujer,uso_alucinog
blanca,mujer,uso_alucinog
blanca,mujer,uso_alucinog
blanca,hombre,uso_alucinog
blanca,mujer,uso_alucinog
blanca,hombre,uso_alucinog
blanca,mujer,uso_alucinog
blanca,mujer,uso_alucinog
blanca,hombre,uso_alucinog
otra,mujer,uso_alucinog
blanca,hombre,uso_alucinog
blanca,hombre,uso_alucinog
blanca,mujer,uso_alucinog
blanca,hombre,uso_alucinog
blanca,hombre,uso_alucinog
blanca,hombre,uso_alucinog
blanca,mujer,uso_alucinog
blanca,mujer,uso_alucinog
blanca,hombre,uso_alucinog
blanca,hombre,uso_alucinog
blanca,hombre,uso_alucinog
blanca,hombre,uso_alucinog
blanca,mujer,uso_alucinog
blanca,hombre,uso_alucinog
blanca,hombre,uso_alucinog
blanca,hombre,uso_alucinog
blanca,hombre,uso_alucinog
blanca,hombre,uso_alucinog
blanca,mujer,uso_alucinog
blanca,mujer,uso_alucinog
blanca,mujer,uso_alucinog
blanca,hombre,uso_alucinog
blanca,mujer,uso_alucinog
otra,hombre,uso_alucinog
blanca,mujer,uso_alucinog
blanca,mujer,uso_alucinog
blanca,hombre,uso_alucinog
blanca,hombre,uso_alucinog
blanca,mujer,uso_alucinog
blanca,mujer,uso_alucinog
blanca,hombre,uso_alucinog
blanca,mujer,uso_alucinog
blanca,hombre,uso_alucinog
blanca,hombre,uso_alucinog
blanca,hombre,uso_alucinog
blanca,hombre,uso_alucinog
blanca,mujer,uso_alucinog
blanca,mujer,uso_alucinog
blanca,mujer,uso_alucinog
blanca,mujer,uso_alucinog
blanca,mujer,uso_alucinog
blanca,hombre,uso_alucinog
blanca,mujer,uso_alucinog
otra,hombre,uso_alucinog
blanca,hombre,uso_alucinog
blanca,hombre,uso_alucinog
blanca,mujer,uso_alucinog
blanca,hombre,uso_alucinog
blanca,mujer,uso_alucinog
blanca,hombre,uso_alucinog
otra,mujer,uso_alucinog
blanca,mujer,uso_alucinog
blanca,hombre,uso_alucinog
blanca,mujer,uso_alucinog
blanca,mujer,uso_alucinog
blanca,hombre,uso_alucinog
blanca,mujer,uso_alucinog
blanca,mujer,uso_alucinog
blanca,mujer,uso_alucinog
blanca,mujer,uso_alucinog
blanca,mujer,uso_alucinog
blanca,hombre,uso_alucinog
blanca,hombre,uso_alucinog
blanca,mujer,uso_alucinog
blanca,mujer,uso_alucinog
blanca,hombre,uso_alucinog
blanca,mujer,uso_alucinog
blanca,hombre,uso_alucinog
blanca,hombre,uso_alucinog
blanca,hombre,uso_alucinog
blanca,hombre,uso_alucinog
blanca,mujer,uso_alucinog
blanca,hombre,uso_alucinog
blanca,mujer,uso_alucinog
blanca,mujer,uso_alucinog
blanca,hombre,uso_alucinog
blanca,mujer,uso_alucinog
blanca,hombre,uso_alucinog
blanca,mujer,uso_alucinog
blanca,hombre,uso_alucinog
blanca,hombre,uso_alucinog
blanca,hombre,uso_alucinog
blanca,hombre,uso_alucinog
blanca,hombre,uso_alucinog
blanca,hombre,uso_alucinog
blanca,mujer,uso_alucinog
blanca,hombre,uso_alucinog
blanca,mujer,uso_alucinog
blanca,hombre,uso_alucinog
blanca,hombre,uso_alucinog
blanca,mujer,uso_alucinog
blanca,mujer,uso_alucinog
blanca,hombre,uso_alucinog
otra,mujer,uso_alucinog
blanca,hombre,uso_alucinog
blanca,hombre,uso_alucinog
blanca,hombre,uso_alucinog
blanca,mujer,uso_alucinog
blanca,hombre,uso_alucinog
blanca,mujer,uso_alucinog
blanca,hombre,uso_alucinog
blanca,mujer,uso_alucinog
blanca,mujer,uso_alucinog
blanca,hombre,uso_alucinog
blanca,mujer,uso_alucinog
blanca,mujer,uso_alucinog
blanca,hombre,uso_alucinog
blanca,hombre,uso_alucinog
blanca,hombre,uso_alucinog
blanca,hombre,uso_alucinog
blanca,mujer,uso_alucinog
blanca,hombre,uso_alucinog
blanca,hombre,uso_alucinog
blanca,hombre,uso_alucinog
blanca,hombre,uso_alucinog
blanca,hombre,uso_alucinog
blanca,mujer,uso_alucinog
blanca,hombre,uso_alucinog
blanca,mujer,uso_alucinog
blanca,hombre,uso_alucinog
blanca,mujer,uso_alucinog
blanca,hombre,uso_alucinog
blanca,hombre,uso_alucinog
blanca,hombre,uso_alucinog
blanca,hombre,uso_alucinog
blanca,hombre,uso_alucinog
blanca,hombre,uso_alucinog
blanca,hombre,uso_alucinog
blanca,hombre,uso_alucinog
blanca,mujer,uso_alucinog
blanca,mujer,uso_alucinog
blanca,mujer,uso_alucinog
blanca,mujer,uso_alucinog
blanca,mujer,uso_alucinog
blanca,mujer,uso_alucinog
blanca,mujer,uso_alucinog
blanca,hombre,uso_alucinog
blanca,mujer,uso_alucinog
blanca,hombre,uso_alucinog
blanca,hombre,uso_alucinog
blanca,hombre,uso_alucinog
blanca,hombre,uso_alucinog
blanca,hombre,uso_alucinog
blanca,mujer,uso_alucinog
blanca,mujer,uso_alucinog
blanca,mujer,uso_alucinog
blanca,mujer,uso_alucinog
blanca,mujer,uso_alucinog
blanca,mujer,uso_alucinog
blanca,hombre,uso_alucinog
blanca,hombre,uso_alucinog
blanca,hombre,uso_alucinog
blanca,mujer,uso_alucinog
blanca,mujer,uso_alucinog
blanca,mujer,uso_alucinog
blanca,mujer,uso_alucinog
otra,mujer,uso_alucinog
blanca,hombre,uso_alucinog
blanca,hombre,uso_alucinog
blanca,mujer,uso_alucinog
blanca,mujer,uso_alucinog
blanca,mujer,uso_alucinog
blanca,mujer,uso_alucinog
blanca,mujer,uso_alucinog
blanca,hombre,uso_alucinog
blanca,mujer,uso_alucinog
blanca,hombre,uso_alucinog
blanca,mujer,uso_alucinog
blanca,hombre,uso_alucinog
otra,mujer,uso_alucinog
blanca,mujer,uso_alucinog
blanca,hombre,uso_alucinog
blanca,hombre,uso_alucinog
blanca,hombre,uso_alucinog
blanca,hombre,uso_alucinog
blanca,mujer,uso_alucinog
blanca,mujer,uso_alucinog
blanca,mujer,uso_alucinog
blanca,hombre,uso_alucinog
otra,hombre,uso_alucinog
blanca,mujer,uso_alucinog
blanca,mujer,uso_alucinog
blanca,hombre,uso_alucinog
blanca,mujer,uso_alucinog
blanca,mujer,uso_alucinog
blanca,hombre,uso_alucinog
blanca,mujer,uso_alucinog
blanca,mujer,uso_alucinog
blanca,hombre,uso_alucinog
otra,hombre,uso_alucinog
blanca,mujer,uso_alucinog
blanca,mujer,uso_alucinog
blanca,hombre,uso_alucinog
blanca,mujer,uso_alucinog
blanca,hombre,uso_alucinog
otra,hombre,uso_alucinog
blanca,hombre,uso_alucinog
blanca,hombre,uso_alucinog
blanca,mujer,uso_alucinog
blanca,mujer,uso_alucinog
blanca,hombre,uso_alucinog
otra,hombre,uso_alucinog
blanca,hombre,uso_alucinog
blanca,hombre,uso_alucinog
blanca,hombre,uso_alucinog
blanca,mujer,uso_alucinog
blanca,mujer,uso_alucinog
blanca,hombre,uso_alucinog
blanca,mujer,uso_alucinog
blanca,hombre,uso_alucinog
blanca,mujer,uso_alucinog
blanca,hombre,uso_alucinog
blanca,hombre,uso_alucinog
blanca,mujer,uso_alucinog
blanca,mujer,uso_alucinog
blanca,mujer,uso_alucinog
blanca,hombre,uso_alucinog
blanca,hombre,uso_alucinog
blanca,mujer,uso_alucinog
blanca,mujer,uso_alucinog
blanca,hombre,uso_alucinog
blanca,hombre,uso_alucinog
otra,mujer,uso_alucinog
blanca,mujer,uso_alucinog
blanca,mujer,uso_alucinog
blanca,hombre,uso_alucinog
blanca,hombre,uso_alucinog
blanca,mujer,uso_alucinog
blanca,hombre,uso_alucinog
blanca,mujer,uso_alucinog
blanca,mujer,uso_alucinog
blanca,hombre,uso_alucinog
blanca,mujer,uso_alucinog
blanca,mujer,uso_alucinog
blanca,hombre,uso_alucinog
blanca,mujer,uso_alucinog
blanca,hombre,uso_alucinog
blanca,hombre,uso_alucinog
blanca,hombre,uso_alucinog
blanca,hombre,uso_alucinog
blanca,mujer,uso_alucinog
blanca,mujer,uso_alucinog
blanca,mujer,uso_alucinog
blanca,hombre,uso_alucinog
blanca,mujer,uso_alucinog
blanca,hombre,uso_alucinog
blanca,mujer,uso_alucinog
blanca,hombre,uso_alucinog
blanca,hombre,uso_alucinog
blanca,hombre,uso_alucinog
blanca,hombre,uso_alucinog
blanca,mujer,uso_alucinog
blanca,hombre,uso_alucinog
blanca,mujer,uso_alucinog
otra,hombre,uso_alucinog
otra,hombre,uso_alucinog
blanca,hombre,uso_alucinog
otra,mujer,uso_alucinog
blanca,hombre,uso_alucinog
blanca,mujer,uso_alucinog
blanca,mujer,uso_alucinog
blanca,mujer,uso_alucinog
blanca,mujer,uso_alucinog
otra,hombre,uso_alucinog
blanca,hombre,uso_alucinog
blanca,mujer,uso_alucinog
blanca,mujer,uso_alucinog
blanca,hombre,uso_alucinog
blanca,mujer,uso_alucinog
blanca,mujer,uso_alucinog
otra,mujer,uso_alucinog
blanca,hombre,uso_alucinog
blanca,mujer,uso_alucinog
blanca,mujer,uso_alucinog
blanca,mujer,uso_alucinog
blanca,hombre,uso_alucinog
blanca,mujer,uso_alucinog
blanca,hombre,uso_alucinog
blanca,hombre,uso_alucinog
blanca,mujer,uso_alucinog
blanca,mujer,uso_alucinog
blanca,hombre,uso_alucinog
blanca,hombre,uso_alucinog
blanca,mujer,uso_alucinog
blanca,hombre,uso_alucinog
blanca,mujer,uso_alucinog
blanca,hombre,uso_alucinog
otra,hombre,uso_alucinog
blanca,mujer,uso_alucinog
blanca,hombre,uso_alucinog
blanca,hombre,uso_alucinog
blanca,mujer,uso_alucinog
blanca,mujer,uso_alucinog
blanca,mujer,uso_alucinog
blanca,mujer,uso_alucinog
blanca,mujer,uso_alucinog
blanca,hombre,uso_alucinog
blanca,mujer,uso_alucinog
blanca,mujer,uso_alucinog
otra,hombre,uso_alucinog
blanca,hombre,uso_alucinog
otra,mujer,uso_alucinog
blanca,mujer,uso_alucinog
blanca,hombre,uso_alucinog
blanca,mujer,uso_alucinog
blanca,hombre,uso_alucinog
blanca,mujer,uso_alucinog
blanca,hombre,uso_alucinog
blanca,hombre,uso_alucinog
otra,mujer,uso_alucinog
blanca,mujer,uso_alucinog
blanca,hombre,uso_alucinog
blanca,hombre,uso_alucinog
blanca,mujer,uso_alucinog
blanca,mujer,uso_alucinog
blanca,hombre,uso_alucinog
blanca,hombre,uso_alucinog
blanca,hombre,uso_alucinog
blanca,mujer,uso_alucinog
blanca,hombre,uso_alucinog
blanca,mujer,uso_alucinog
blanca,mujer,uso_alucinog
blanca,mujer,uso_alucinog
blanca,hombre,uso_alucinog
blanca,mujer,uso_alucinog
blanca,hombre,uso_alucinog
blanca,hombre,uso_alucinog
blanca,mujer,uso_alucinog
blanca,hombre,uso_alucinog
otra,mujer,uso_alucinog
blanca,mujer,uso_alucinog
blanca,hombre,uso_alucinog
blanca,hombre,uso_alucinog
blanca,mujer,uso_alucinog
blanca,mujer,uso_alucinog
blanca,hombre,uso_alucinog
blanca,hombre,uso_alucinog
blanca,mujer,uso_alucinog
otra,mujer,uso_alucinog
blanca,mujer,uso_alucinog
blanca,mujer,uso_alucinog
blanca,hombre,uso_alucinog
blanca,mujer,uso_alucinog
blanca,mujer,uso_alucinog
blanca,hombre,uso_alucinog
blanca,hombre,uso_alucinog
blanca,mujer,uso_alucinog
blanca,hombre,uso_alucinog
blanca,hombre,uso_alucinog
blanca,mujer,uso_alucinog
blanca,mujer,uso_alucinog
blanca,mujer,uso_alucinog
blanca,hombre,uso_alucinog
blanca,hombre,uso_alucinog
blanca,mujer,uso_alucinog
blanca,mujer,uso_alucinog
blanca,hombre,uso_alucinog
blanca,hombre,uso_alucinog
blanca,hombre,uso_alucinog
blanca,mujer,uso_alucinog
blanca,hombre,uso_alucinog
blanca,mujer,uso_alucinog
otra,hombre,uso_alucinog
otra,hombre,uso_alucinog
blanca,hombre,uso_alucinog
blanca,hombre,uso_alucinog
blanca,mujer,uso_alucinog
blanca,mujer,uso_alucinog
blanca,mujer,uso_alucinog
blanca,hombre,uso_alucinog
blanca,mujer,uso_alucinog
blanca,mujer,uso_alucinog
blanca,hombre,uso_alucinog
otra,mujer,uso_alucinog
otra,mujer,uso_alucinog
blanca,mujer,uso_alucinog
blanca,hombre,uso_alucinog
blanca,hombre,uso_alucinog
blanca,hombre,uso_alucinog
blanca,hombre,uso_alucinog
blanca,mujer,uso_alucinog
